customer_id,region,seed_segment,monthly_income,tenure_months,digital_logins_30d,purchase_frequency_30d,avg_order_value,support_calls_90d,returns_90d,engagement_score,churned
100000,Northeast,Affluent,18033.7,60,20,6,104.25,3,1,54.7,0
100001,Midwest,Core,4087.69,21,20,6,94.62,0,0,82.14,0
100002,Midwest,Affluent,6709.27,57,34,9,165.01,0,1,100.0,0
100003,Midwest,Core,3828.65,39,14,3,33.06,2,0,52.05,0
100004,South,Value,4580.83,123,29,4,88.52,1,0,84.87,0
100005,West,At Risk,4895.25,124,10,3,109.94,4,4,32.08,0
100006,South,Affluent,4039.34,1,22,6,210.4,2,0,79.53,0
100007,Midwest,Affluent,4048.93,87,25,4,162.25,0,0,83.71,0
100008,South,Value,6091.38,93,16,4,31.63,1,1,62.89,0
100009,Northeast,Core,3759.47,55,13,6,160.97,0,0,57.39,0
100010,Midwest,Core,9494.94,68,17,8,104.39,2,0,83.62,0
100011,Northeast,At Risk,4300.85,114,4,1,46.57,6,3,8.71,0
100012,West,Core,23014.13,55,22,5,57.33,1,0,68.52,0
100013,Midwest,Affluent,5305.16,10,35,7,171.75,1,1,99.24,0
100014,South,Core,6714.1,54,21,4,119.41,1,0,76.38,0
100015,South,Value,3628.79,37,14,3,66.6,0,0,73.17,0
100016,Midwest,Core,14006.81,56,18,9,128.43,2,0,86.68,0
100017,South,Value,10757.22,34,17,4,34.68,0,0,73.97,0
100018,South,Affluent,7429.17,22,22,8,90.85,3,0,85.97,0
100019,South,Core,3545.72,142,21,3,30.28,1,0,64.75,0
100020,South,Affluent,7146.35,19,23,12,97.68,0,0,100.0,0
100021,West,Core,3924.18,102,16,4,180.67,1,1,57.23,0
100022,Northeast,At Risk,12551.77,104,13,1,237.83,6,3,24.48,0
100023,West,Affluent,9355.27,89,30,5,172.04,1,0,73.12,0
100024,South,Affluent,6785.24,132,23,8,111.19,2,0,91.13,0
100025,Midwest,Value,2200.0,1,16,5,76.08,1,0,69.34,0
100026,Northeast,Core,4175.63,44,15,3,107.7,0,0,72.72,0
100027,South,Value,8857.77,27,10,7,38.91,1,0,63.76,0
100028,West,Value,11218.9,84,19,2,63.84,1,2,55.52,0
100029,South,Core,10707.33,92,19,4,174.18,0,1,71.29,0
100030,Northeast,Affluent,3175.28,130,26,9,90.7,0,0,100.0,0
100031,Midwest,At Risk,7444.69,55,18,3,58.45,6,2,24.22,0
100032,Northeast,Core,10265.45,34,20,3,85.56,1,1,68.09,0
100033,South,Core,3081.92,134,20,3,97.93,1,2,45.23,0
100034,South,Core,6476.92,97,24,9,62.19,2,3,75.46,0
100035,Midwest,Value,7352.43,111,17,5,88.33,1,1,54.9,0
100036,Midwest,Value,5677.2,65,15,1,115.19,0,2,57.63,0
100037,Midwest,Core,2824.49,65,20,5,226.64,2,0,72.2,0
100038,West,Value,5613.86,57,17,7,79.8,2,0,77.05,0
100039,Northeast,Core,5609.8,108,20,4,83.26,0,3,77.79,0
100040,South,Core,6081.0,31,14,7,182.43,1,0,72.27,0
100041,Northeast,Affluent,5044.2,141,21,7,116.26,3,1,75.08,0
100042,Northeast,Core,5325.18,26,21,4,43.84,7,0,41.73,0
100043,Northeast,Core,6384.89,67,21,3,96.33,3,0,56.51,0
100044,Midwest,Affluent,7932.01,46,27,9,262.05,3,0,98.85,0
100045,West,Affluent,5667.85,93,27,4,183.27,5,0,75.06,0
100046,West,Core,5405.73,99,28,5,80.98,0,1,82.15,0
100047,Midwest,Value,6775.83,133,13,4,41.2,2,1,60.27,0
100048,West,Core,2738.44,114,17,8,82.56,2,1,76.95,0
100049,Northeast,Value,8056.41,36,17,4,157.47,0,1,71.05,0
100050,West,Value,6498.35,30,14,7,45.86,2,0,71.78,0
100051,West,Value,6617.15,128,19,2,75.21,1,0,58.14,0
100052,Northeast,Affluent,10015.49,71,28,10,126.05,2,0,69.92,0
100053,South,Core,2699.42,15,16,6,59.97,0,0,90.48,0
100054,West,Core,2674.0,119,17,9,96.22,1,0,80.84,0
100055,South,Affluent,7352.31,94,24,6,190.97,2,0,75.87,0
100056,West,Core,6479.22,4,17,7,105.54,1,1,73.64,0
100057,West,Core,7017.32,113,16,5,52.16,1,0,62.93,0
100058,South,Value,5279.57,88,20,4,37.32,2,0,66.92,0
100059,Northeast,Value,8764.95,89,15,3,96.92,1,0,59.65,0
100060,South,Core,9889.66,125,18,2,66.0,2,0,48.87,0
100061,Northeast,Core,8081.64,72,28,4,213.11,5,1,57.79,1
100062,South,Core,5780.15,67,24,6,218.09,3,0,72.54,0
100063,Midwest,Affluent,2517.69,89,28,7,413.97,2,0,94.02,0
100064,South,Core,9188.55,29,16,7,53.12,2,0,61.48,0
100065,Northeast,Core,11263.64,22,17,6,112.99,3,1,54.96,0
100066,South,Core,8687.22,122,7,9,131.38,1,1,77.2,0
100067,Midwest,Core,4375.25,32,20,7,124.19,0,1,78.88,0
100068,Northeast,Value,8802.27,73,22,6,71.2,1,1,70.17,0
100069,Northeast,Core,9573.9,39,19,7,161.13,0,0,81.08,0
100070,West,Value,13108.61,34,10,6,85.02,2,1,57.19,0
100071,Northeast,Core,4382.21,87,21,8,90.62,2,0,81.42,0
100072,South,Affluent,5870.25,116,22,7,70.92,0,0,87.72,0
100073,Northeast,Value,9098.18,64,14,7,117.34,0,0,71.57,0
100074,Northeast,Value,6670.11,20,12,4,74.62,1,1,63.59,0
100075,South,Value,3931.44,36,12,7,107.24,0,0,88.01,0
100076,Midwest,Value,7833.27,24,16,3,95.6,0,0,50.92,0
100077,Northeast,Core,8433.4,128,14,5,93.05,4,1,36.37,0
100078,Northeast,Core,6762.45,47,16,5,83.08,0,0,82.22,0
100079,Northeast,Affluent,7175.09,54,30,10,226.72,1,1,100.0,0
100080,Midwest,Core,5785.67,11,20,5,76.95,1,1,53.97,0
100081,West,Core,12642.04,65,23,5,41.06,1,0,84.12,0
100082,Northeast,Affluent,4334.0,132,23,7,203.35,4,2,77.7,0
100083,South,Value,4990.36,59,22,9,56.72,0,0,90.5,0
100084,South,Value,6532.21,94,14,4,43.84,2,1,67.44,0
100085,South,Value,9653.61,27,19,6,50.98,2,0,70.38,0
100086,Northeast,Affluent,3313.43,21,26,8,176.29,2,0,90.72,0
100087,Northeast,Core,3604.45,106,19,3,81.0,1,2,53.05,0
100088,Midwest,Value,2598.21,10,25,4,29.26,2,0,79.01,0
100089,South,Core,6596.34,65,23,5,70.16,1,1,81.28,0
100090,South,Value,3929.71,46,9,2,152.52,3,1,49.6,0
100091,South,Core,5467.13,3,16,2,67.83,4,0,53.72,0
100092,West,Core,8753.23,77,25,5,78.25,1,0,79.93,0
100093,Midwest,Core,4870.07,139,14,6,143.19,1,0,95.67,0
100094,South,Core,7212.96,10,21,7,126.52,1,0,94.01,0
100095,Northeast,Core,5680.85,118,20,7,141.67,0,1,88.32,0
100096,West,Core,8795.62,78,21,6,21.25,3,1,58.22,0
100097,West,Value,8049.5,105,11,8,202.23,1,0,62.96,0
100098,Northeast,Value,4760.88,14,25,6,116.85,1,1,69.44,0
100099,West,At Risk,6024.95,126,6,4,291.02,7,4,3.73,0
100100,Midwest,At Risk,10396.68,2,8,1,57.48,6,2,23.62,0
100101,Northeast,Core,7758.75,131,15,5,35.2,1,0,71.9,0
100102,West,Value,3466.58,95,13,5,85.31,0,1,62.69,0
100103,Northeast,At Risk,8730.57,49,5,6,74.07,5,4,26.91,0
100104,Northeast,Affluent,3989.75,2,28,4,212.14,0,1,79.54,0
100105,Northeast,Core,12273.38,88,18,6,145.49,2,0,77.0,0
100106,South,Core,10305.18,13,17,10,81.37,1,0,83.37,0
100107,Midwest,Value,7405.7,88,22,4,75.36,3,1,62.2,0
100108,South,Value,6976.57,112,17,3,110.39,2,1,56.8,0
100109,Northeast,At Risk,5916.46,39,9,1,74.78,7,3,0.0,1
100110,Northeast,Core,8821.02,35,19,5,71.71,0,1,87.5,0
100111,West,Value,5501.12,32,16,5,142.77,2,0,61.84,0
100112,West,Core,7226.89,33,26,3,159.58,2,0,60.26,0
100113,West,Core,9623.16,17,17,6,146.15,1,0,81.22,0
100114,Northeast,Value,5047.99,36,17,2,78.14,0,1,60.84,0
100115,West,Affluent,4925.94,95,32,7,52.49,0,0,100.0,0
100116,Midwest,Affluent,3797.48,44,28,8,142.07,3,1,73.12,0
100117,Midwest,Core,4026.06,113,25,14,58.19,4,1,100.0,0
100118,Northeast,Core,2854.86,118,18,6,79.66,1,0,92.98,0
100119,West,Core,9027.05,110,25,10,60.77,2,1,81.9,0
100120,South,Core,14670.13,78,15,8,84.12,1,1,79.83,0
100121,Northeast,Core,12344.37,46,9,5,50.55,2,0,49.52,0
100122,Northeast,Value,3126.97,134,18,5,44.8,0,0,98.12,0
100123,South,Core,9006.86,30,18,8,156.65,3,0,83.52,0
100124,Northeast,Value,12326.48,67,12,4,52.34,3,0,52.66,0
100125,South,Core,5292.22,66,19,5,85.01,3,0,52.98,0
100126,South,Core,6803.61,108,16,7,136.99,0,0,74.31,0
100127,West,Value,2633.33,79,13,2,134.26,1,1,56.57,0
100128,Northeast,Value,7328.96,116,20,4,126.48,1,1,56.1,0
100129,Midwest,Core,4027.72,133,23,4,98.9,1,1,59.95,0
100130,West,Value,7110.96,57,11,3,122.08,0,0,60.27,0
100131,West,At Risk,3219.61,126,20,2,168.88,3,2,47.07,0
100132,West,Core,8298.61,25,23,6,105.13,0,0,89.64,0
100133,Northeast,Core,10307.1,132,23,4,33.92,1,0,70.08,0
100134,West,Core,4569.35,26,13,5,65.26,1,0,72.96,0
100135,West,Value,3896.92,123,28,5,120.4,0,1,78.71,0
100136,South,At Risk,2463.52,57,10,0,62.12,4,3,23.01,0
100137,South,Core,5765.64,139,10,7,191.08,3,0,61.71,0
100138,Midwest,Affluent,5003.24,19,30,4,148.24,3,0,76.81,0
100139,South,Value,3234.4,68,12,6,88.7,1,0,77.86,0
100140,South,Core,7969.81,130,14,7,149.16,0,1,73.16,0
100141,West,Core,5308.53,7,24,6,77.57,1,1,74.51,0
100142,West,At Risk,4005.71,39,16,0,92.83,6,2,4.69,1
100143,South,Core,5064.45,13,15,8,133.25,1,0,63.85,0
100144,West,Core,10526.43,47,18,6,40.71,1,1,71.19,0
100145,South,Value,8526.03,57,19,5,73.7,1,1,68.94,0
100146,West,Core,6130.59,90,14,7,128.67,1,0,66.11,0
100147,Midwest,Core,8588.29,38,21,6,87.83,0,1,74.23,0
100148,South,Core,3855.08,23,19,7,177.03,0,1,94.99,0
100149,Northeast,Value,6595.38,25,23,7,38.66,0,1,94.61,0
100150,Midwest,Affluent,6945.52,136,32,6,65.72,0,1,84.31,0
100151,South,Affluent,5261.29,138,19,7,224.82,2,1,69.26,0
100152,Northeast,Value,7907.08,32,14,3,131.05,2,2,51.05,0
100153,Northeast,Core,4575.0,29,18,8,77.17,1,0,78.59,0
100154,West,Value,8176.15,8,13,1,103.84,0,0,48.13,0
100155,Northeast,Core,8332.29,139,20,7,123.38,4,1,61.29,0
100156,West,Value,2200.0,102,12,3,56.58,0,1,67.13,0
100157,West,Core,11105.49,110,17,8,59.69,1,0,91.85,0
100158,Northeast,Affluent,2200.0,42,24,7,168.22,0,0,85.92,0
100159,Midwest,Affluent,4926.26,93,30,11,240.44,0,1,100.0,0
100160,Midwest,Value,10310.97,9,13,4,47.45,1,0,61.55,0
100161,South,At Risk,5635.15,98,14,2,76.99,5,3,17.73,0
100162,Midwest,Value,3360.26,84,16,7,75.23,2,1,66.82,0
100163,South,Value,3973.39,48,18,2,104.76,0,0,54.49,0
100164,South,Core,10318.2,103,15,4,84.63,1,0,73.3,0
100165,South,Core,2737.72,94,18,5,64.7,1,0,84.02,0
100166,West,Affluent,10803.26,64,30,9,285.64,0,1,100.0,0
100167,Midwest,Affluent,6340.81,27,28,8,116.84,1,0,90.41,0
100168,South,Core,3800.85,4,19,6,73.45,0,0,90.24,0
100169,West,At Risk,4999.81,136,13,0,38.36,5,3,26.33,0
100170,West,Value,4112.58,41,22,2,59.49,2,0,50.48,0
100171,West,Core,9598.47,44,17,4,110.02,1,0,65.22,0
100172,Midwest,Value,9037.61,99,18,4,99.78,1,0,67.13,0
100173,South,At Risk,2998.7,37,9,5,114.71,3,3,35.63,0
100174,West,Value,5420.49,55,25,2,111.96,2,0,66.09,0
100175,South,Value,4407.77,103,25,4,241.41,3,1,57.4,0
100176,South,Core,11633.42,86,22,9,58.48,2,1,80.08,0
100177,South,At Risk,3540.46,95,16,0,37.82,5,3,19.39,0
100178,West,Affluent,13379.25,1,20,9,90.48,1,0,78.09,0
100179,Midwest,Affluent,6403.34,65,29,11,107.62,3,0,82.35,0
100180,South,Affluent,3853.31,69,26,10,94.0,1,0,100.0,0
100181,South,Affluent,4792.39,92,29,5,160.34,2,1,70.88,0
100182,South,Core,4531.59,22,17,5,159.01,0,0,92.48,0
100183,Midwest,Core,3662.79,23,23,7,183.55,1,1,98.37,0
100184,South,Affluent,6783.37,110,27,6,196.88,4,1,64.35,0
100185,Midwest,Core,3740.58,97,19,3,247.96,2,0,78.51,0
100186,South,Core,2436.68,117,21,5,71.13,4,2,61.7,0
100187,South,Value,5479.14,39,18,6,37.58,0,0,75.44,0
100188,West,Affluent,2887.86,144,28,9,259.05,1,0,78.95,0
100189,South,Value,4633.58,40,16,6,33.9,1,1,75.71,0
100190,Northeast,At Risk,4317.63,94,7,1,58.27,4,2,21.65,1
100191,South,Value,4391.87,24,14,2,110.25,2,0,53.25,0
100192,Midwest,Value,15994.35,133,22,7,80.76,0,1,84.57,0
100193,Northeast,Affluent,6667.12,48,21,8,139.07,0,2,77.05,0
100194,South,Value,7258.83,116,11,6,47.1,2,0,58.78,0
100195,Northeast,Value,2922.45,48,8,4,84.54,0,0,66.25,0
100196,Midwest,Core,4842.92,114,29,6,140.4,1,0,85.96,0
100197,Midwest,Affluent,7161.28,66,31,5,154.54,1,0,84.32,0
100198,West,Value,4099.09,9,16,4,56.12,1,1,50.04,0
100199,South,Core,9780.89,28,15,7,45.55,3,0,66.73,0
100200,West,Affluent,3783.27,99,17,7,102.07,0,0,74.5,0
100201,Northeast,At Risk,5714.1,28,14,3,103.42,2,2,55.15,0
100202,West,Core,4993.21,40,14,6,100.93,2,0,59.93,0
100203,Midwest,Value,6998.85,79,25,6,56.96,0,0,86.63,0
100204,West,Value,4872.38,37,16,3,28.14,1,0,78.51,0
100205,West,Value,5754.03,19,15,2,104.86,3,0,43.55,0
100206,Midwest,Value,5844.75,90,17,6,54.26,2,1,62.88,0
100207,South,Core,4670.79,100,24,7,119.96,1,1,88.48,0
100208,Midwest,Value,8085.68,106,27,3,58.24,3,0,50.12,0
100209,West,Core,7236.06,136,16,4,51.87,2,0,70.21,0
100210,West,Core,6245.9,18,5,5,91.77,2,1,55.95,0
100211,West,Core,5355.35,62,16,9,276.3,2,0,84.4,0
100212,Northeast,Value,9302.16,34,23,8,123.61,4,2,41.58,0
100213,Midwest,Affluent,5845.53,130,30,6,163.78,1,1,84.92,0
100214,Northeast,Core,5662.06,78,16,3,101.71,2,0,46.02,0
100215,Midwest,Affluent,6813.55,15,25,4,63.74,3,0,74.99,0
100216,West,Value,13947.02,100,22,6,48.5,2,1,80.82,0
100217,Northeast,Value,3556.02,7,24,4,24.22,3,1,64.9,0
100218,Midwest,At Risk,9191.12,40,15,3,201.86,3,3,31.38,0
100219,West,Core,2772.85,104,19,7,182.43,0,2,91.75,0
100220,West,Core,7167.63,73,10,8,103.45,1,1,68.9,0
100221,South,Core,13204.92,110,24,6,90.94,1,1,94.24,0
100222,Northeast,Core,8098.7,83,21,3,39.13,2,0,64.32,0
100223,West,At Risk,7018.74,122,11,2,76.17,4,2,34.25,0
100224,West,Value,5051.07,82,22,3,208.27,1,0,64.72,0
100225,Midwest,At Risk,6591.45,9,14,0,90.77,6,2,27.06,0
100226,West,Value,5802.99,11,23,6,64.09,1,0,86.47,0
100227,Northeast,Core,4563.6,112,21,8,35.29,1,0,98.74,0
100228,Midwest,Core,5705.09,6,12,2,169.49,1,2,47.82,0
100229,Northeast,Value,7106.95,55,25,6,82.07,2,1,75.62,0
100230,West,Value,4602.29,3,23,3,35.31,1,0,74.36,0
100231,Midwest,Core,4522.09,44,19,5,53.54,1,1,81.34,0
100232,West,At Risk,3524.34,86,21,2,44.88,9,3,22.33,0
100233,Midwest,Core,7749.5,25,16,6,79.58,4,0,59.31,0
100234,Northeast,At Risk,8307.82,68,19,1,94.28,5,2,15.94,0
100235,Northeast,Affluent,7214.19,144,29,8,118.97,4,1,85.28,0
100236,South,Core,10035.5,11,15,3,125.36,0,0,53.49,0
100237,Midwest,Affluent,6762.16,10,24,6,159.15,0,0,88.08,0
100238,Northeast,Value,7753.99,40,14,5,144.58,1,1,62.87,0
100239,West,Value,7452.35,120,7,4,71.1,3,1,30.06,0
100240,Northeast,Affluent,6237.69,59,29,8,701.42,1,0,99.78,0
100241,South,Affluent,5118.86,93,30,9,115.38,1,0,100.0,0
100242,Northeast,Value,17604.79,5,19,3,54.11,0,0,67.3,0
100243,South,Core,5303.8,106,26,7,50.88,0,1,97.33,0
100244,South,Core,4817.03,10,17,9,76.49,1,0,100.0,0
100245,Northeast,Affluent,7901.93,103,24,8,64.76,3,0,87.7,0
100246,Midwest,Core,7280.04,22,17,5,98.49,0,0,70.24,0
100247,West,Core,3454.39,124,18,4,32.79,1,3,60.5,0
100248,West,Core,10772.62,43,20,10,92.16,2,0,92.85,0
100249,South,Core,6230.24,27,23,9,43.25,0,1,100.0,0
100250,West,Core,3942.77,49,23,9,70.25,1,2,97.31,0
100251,West,Affluent,11097.89,1,28,5,207.0,1,1,58.44,0
100252,West,Core,8613.72,24,16,10,268.99,2,1,74.35,0
100253,South,Value,3679.43,87,17,6,49.58,0,1,75.84,0
100254,West,Value,14462.14,44,14,5,78.85,1,2,52.68,0
100255,Midwest,Affluent,8743.07,51,27,9,106.54,0,0,73.8,0
100256,Northeast,Affluent,6470.24,117,31,7,99.04,2,0,84.4,0
100257,South,Value,13295.17,18,19,3,59.45,1,1,61.77,1
100258,Midwest,Value,6983.05,58,18,4,128.34,1,0,63.4,0
100259,Northeast,Core,6418.37,27,20,8,66.59,2,3,64.02,0
100260,South,Value,4829.13,70,18,3,261.73,0,2,62.93,0
100261,West,Affluent,8445.51,48,25,8,188.37,2,1,86.74,0
100262,Northeast,Core,8054.84,7,20,4,51.3,3,2,50.25,0
100263,South,Value,6543.08,11,22,4,70.76,2,0,78.37,0
100264,Northeast,At Risk,4555.38,123,8,0,56.92,6,2,9.06,0
100265,Midwest,Value,6891.37,9,17,4,126.81,0,0,64.43,0
100266,Northeast,Value,6299.01,113,23,8,37.46,2,1,72.6,0
100267,West,Value,3567.05,132,17,6,43.47,0,0,77.7,0
100268,Northeast,Value,3351.76,68,17,2,63.24,2,0,62.31,0
100269,West,Value,8382.29,45,15,4,119.6,0,1,59.41,0
100270,West,Value,2200.0,112,13,4,157.46,2,0,61.37,0
100271,West,Value,7129.47,142,17,2,169.51,2,0,54.16,0
100272,West,Value,5241.8,18,17,2,110.78,3,1,61.35,0
100273,Northeast,Core,11710.82,139,17,8,81.55,4,1,67.52,0
100274,West,Core,5205.63,136,17,10,126.46,2,0,79.81,0
100275,Midwest,Core,8745.77,21,17,5,47.96,0,2,75.29,0
100276,West,Core,5436.8,8,19,7,33.8,2,2,75.96,0
100277,West,Core,6841.38,103,20,6,105.74,1,0,74.82,0
100278,Midwest,Affluent,9055.56,12,23,8,92.54,1,0,80.29,0
100279,South,Affluent,5278.55,87,31,6,148.08,0,0,100.0,0
100280,Northeast,Value,10178.24,10,25,3,90.24,1,2,66.51,0
100281,Northeast,Value,4156.35,100,19,2,96.23,1,0,48.67,0
100282,South,Value,7421.41,34,27,2,135.85,2,0,67.44,0
100283,West,Value,9845.26,14,15,1,128.86,0,0,51.9,0
100284,Midwest,Core,8747.95,10,20,7,93.7,0,1,71.88,0
100285,South,Core,15397.46,28,11,8,68.15,2,1,64.38,0
100286,Northeast,Value,4610.12,78,17,1,89.71,2,2,53.66,0
100287,Midwest,Core,3494.48,12,24,5,63.09,2,1,80.46,0
100288,Midwest,Core,4155.16,116,21,7,77.05,2,1,82.77,0
100289,West,Value,8749.54,87,15,8,314.74,0,0,87.15,0
100290,Midwest,Affluent,8132.49,43,22,8,167.59,1,0,93.17,0
100291,Midwest,Value,6806.09,143,23,3,106.46,3,1,57.39,0
100292,West,At Risk,3921.49,95,8,4,59.73,3,3,27.76,0
100293,South,Value,9178.76,97,18,2,141.55,0,1,54.36,0
100294,West,Affluent,3745.99,26,25,5,223.76,4,0,60.14,0
100295,South,At Risk,10949.89,103,15,5,124.75,8,2,38.21,1
100296,Northeast,At Risk,23515.26,81,18,2,94.64,5,3,39.21,0
100297,South,Affluent,7665.31,142,23,8,256.6,1,0,80.96,0
100298,Northeast,Affluent,8450.29,69,30,5,288.96,3,0,76.43,0
100299,Northeast,Core,5207.06,98,18,7,97.92,1,1,73.38,0
100300,West,Affluent,2878.32,50,28,7,144.48,2,0,85.36,1
100301,West,Value,4955.9,6,16,3,132.95,0,1,58.91,0
100302,Northeast,Core,3974.9,19,19,7,54.09,0,0,97.05,0
100303,West,Core,3389.39,125,15,5,59.36,2,0,62.85,0
100304,Northeast,Affluent,14109.72,107,24,10,148.98,0,1,100.0,0
100305,South,Core,7349.19,53,17,6,35.59,1,1,73.19,0
100306,Midwest,Core,7711.11,101,19,6,128.57,4,1,50.58,0
100307,South,Core,5656.14,1,14,9,52.52,1,0,83.67,0
100308,Midwest,Value,6013.52,6,13,1,67.15,0,0,63.1,0
100309,West,Value,10032.7,74,20,3,76.4,1,0,77.78,0
100310,Northeast,Core,6406.1,90,20,9,86.69,3,0,70.82,0
100311,Northeast,Core,8253.31,135,16,5,71.58,2,2,46.05,1
100312,West,Value,5951.24,110,21,1,82.18,4,0,44.7,0
100313,Midwest,Core,5572.44,38,16,9,82.5,2,1,86.07,0
100314,Midwest,Core,3451.09,118,15,8,67.97,1,1,79.88,0
100315,South,Core,2669.3,71,19,6,57.75,0,0,87.24,0
100316,South,Core,5778.24,119,15,5,145.97,1,0,57.12,0
100317,Midwest,Core,6667.37,26,15,8,29.68,1,1,72.42,0
100318,Midwest,Value,3643.86,4,21,6,76.69,1,2,55.63,0
100319,Northeast,At Risk,6399.94,9,17,0,67.24,4,2,28.26,1
100320,Midwest,At Risk,6659.14,143,12,0,104.8,4,2,6.09,0
100321,Midwest,Core,2463.54,12,22,5,41.08,0,1,89.06,0
100322,Northeast,Core,4305.94,136,21,6,66.21,3,0,81.64,0
100323,South,Core,7807.39,105,7,5,80.76,0,0,64.53,0
100324,West,Affluent,7736.73,22,26,6,261.25,2,2,62.1,0
100325,Midwest,Core,3867.66,125,17,6,100.36,3,3,58.41,0
100326,Northeast,Affluent,6980.38,21,21,10,84.66,1,0,100.0,0
100327,Northeast,Core,10297.34,21,20,9,66.61,1,1,90.81,0
100328,Midwest,Core,9221.01,83,8,7,132.38,3,0,67.08,0
100329,South,Value,6227.18,42,11,5,46.63,1,1,56.32,0
100330,West,Affluent,5265.69,42,20,5,147.1,2,0,62.03,0
100331,Midwest,Value,4896.87,29,27,2,84.61,1,0,69.83,0
100332,West,Core,8023.07,88,21,4,70.09,1,0,55.79,0
100333,Northeast,Affluent,7096.48,4,24,5,588.93,1,0,96.91,0
100334,South,Value,8628.18,36,14,0,69.15,1,0,47.92,0
100335,Northeast,Core,6897.41,80,20,9,106.43,1,0,96.93,0
100336,Midwest,Value,9395.64,71,25,6,57.95,0,1,82.31,0
100337,Northeast,Affluent,6782.66,101,21,6,199.2,1,0,66.86,0
100338,South,Value,9252.67,32,20,2,131.37,0,1,75.41,0
100339,South,At Risk,9618.35,94,9,5,63.35,4,2,30.81,1
100340,Northeast,Value,4525.67,110,14,0,82.71,1,0,49.59,0
100341,Northeast,At Risk,2881.0,56,17,3,54.33,2,3,51.94,0
100342,Midwest,Affluent,13018.53,37,21,5,86.34,0,0,80.79,0
100343,West,Core,7295.8,80,17,9,142.74,0,0,85.12,0
100344,Northeast,Affluent,3005.02,84,25,7,115.98,0,1,88.8,0
100345,South,Affluent,4714.22,14,27,10,45.77,2,2,83.8,0
100346,Northeast,At Risk,9199.47,82,8,0,205.48,5,2,20.07,1
100347,West,Value,5731.33,23,17,2,56.92,2,0,57.97,0
100348,South,Core,5162.26,82,20,6,75.15,1,0,77.83,0
100349,West,Value,12209.31,135,19,4,193.08,0,0,69.25,0
100350,Northeast,Core,4057.32,78,13,3,79.18,3,0,64.46,0
100351,Northeast,Value,4538.67,110,15,1,78.33,1,1,38.58,0
100352,Midwest,Core,7148.67,45,14,8,46.0,2,0,61.44,0
100353,Midwest,Core,7748.56,133,20,8,37.53,4,0,70.34,0
100354,West,Core,8126.71,118,16,6,78.21,1,0,71.14,0
100355,West,Core,9794.88,133,18,4,101.91,1,0,76.38,0
100356,West,Affluent,7107.59,107,23,7,178.25,2,0,85.77,0
100357,Midwest,Affluent,8101.3,94,25,6,120.28,2,0,79.24,0
100358,South,Core,5784.36,76,25,6,85.87,0,0,93.0,0
100359,South,Core,6686.0,134,19,10,33.92,0,1,98.66,0
100360,Northeast,At Risk,6822.27,123,14,0,106.99,4,2,42.63,0
100361,South,Value,7160.62,61,15,4,92.14,2,0,61.03,0
100362,South,Value,9202.22,13,27,4,228.03,0,0,77.95,0
100363,Northeast,Value,8344.63,1,15,3,85.32,2,0,56.59,0
100364,Northeast,Core,6630.63,34,21,8,53.05,0,1,68.25,0
100365,Midwest,Core,4516.31,10,22,5,82.87,3,0,66.14,0
100366,South,Affluent,6700.98,31,31,4,129.87,1,1,88.94,0
100367,West,Core,6418.56,16,13,6,105.64,1,0,74.42,0
100368,South,Core,7090.34,142,24,6,86.15,1,1,82.19,0
100369,West,Affluent,17544.47,14,25,5,81.49,1,1,82.19,0
100370,Midwest,Affluent,5135.13,91,35,7,67.53,3,1,95.83,0
100371,Northeast,Value,7860.36,51,23,8,96.94,1,2,95.0,0
100372,Northeast,Core,10512.97,26,27,9,169.73,1,2,95.98,0
100373,Midwest,Core,6793.07,101,23,6,88.44,2,0,74.07,0
100374,Midwest,Value,18612.48,140,16,6,127.65,2,0,49.69,0
100375,South,Value,5483.18,114,18,3,141.04,0,0,76.43,0
100376,Midwest,At Risk,7520.57,141,22,1,97.13,4,2,43.52,0
100377,West,Core,4537.33,85,24,7,56.57,0,1,90.02,0
100378,South,Core,5548.99,97,21,3,93.72,1,1,58.7,0
100379,Northeast,Affluent,7270.48,22,29,6,279.77,3,1,83.52,0
100380,South,Core,9512.81,123,16,5,110.79,0,2,66.14,0
100381,West,At Risk,7503.69,108,8,0,123.57,4,2,18.32,0
100382,West,Affluent,11454.74,37,29,7,121.41,1,2,86.35,0
100383,West,Core,6228.08,52,20,7,76.82,0,1,87.6,0
100384,West,Core,5597.54,88,17,9,80.1,0,3,73.21,0
100385,Northeast,At Risk,21946.23,2,12,9,82.85,8,2,43.9,0
100386,South,Core,7761.76,118,19,2,152.42,3,0,45.03,0
100387,Northeast,At Risk,4702.22,41,10,1,26.29,6,2,9.51,0
100388,Northeast,Value,4755.89,11,16,8,86.31,2,2,77.28,0
100389,West,Affluent,4252.88,48,31,7,147.04,0,0,92.24,0
100390,West,Core,9907.17,121,18,5,42.82,2,0,73.67,0
100391,Northeast,Value,5516.99,40,23,2,118.93,1,1,63.41,0
100392,Midwest,Core,6883.42,78,17,3,59.17,0,0,54.21,0
100393,Midwest,Core,6316.87,117,17,8,71.1,2,0,88.32,0
100394,Northeast,Value,9033.81,5,14,4,214.23,2,0,60.28,0
100395,West,Core,4440.5,110,20,6,140.84,1,0,81.15,0
100396,West,Affluent,4006.01,42,27,4,203.91,0,2,85.46,0
100397,Midwest,Value,7190.32,101,15,1,102.83,1,0,63.99,0
100398,Midwest,Core,8518.45,28,24,3,78.28,1,0,72.41,0
100399,South,Core,7549.2,21,14,13,230.98,3,0,93.74,0
100400,West,Core,4515.64,114,13,4,126.94,2,0,59.57,0
100401,South,At Risk,8816.9,117,11,0,58.43,5,2,14.46,0
100402,West,Affluent,4650.92,142,26,7,75.97,0,0,81.53,0
100403,Northeast,Value,5140.29,98,18,3,112.85,2,1,57.32,0
100404,Northeast,At Risk,4250.44,68,13,0,82.66,5,3,27.63,0
100405,West,Affluent,11673.52,29,27,10,74.89,1,0,100.0,0
100406,South,Value,8643.8,43,13,1,105.31,2,0,36.06,0
100407,South,Affluent,8533.92,94,19,12,133.74,1,0,100.0,0
100408,West,Value,11393.55,50,10,2,110.83,1,0,47.52,0
100409,Northeast,At Risk,23046.05,70,17,1,106.01,9,4,0.0,1
100410,Midwest,Core,3012.14,25,18,5,62.71,4,0,64.74,0
100411,South,Core,4662.41,64,26,5,116.64,2,0,68.64,0
100412,Northeast,Value,4925.98,35,13,4,66.27,0,1,77.85,0
100413,West,Affluent,4432.37,17,29,7,123.22,2,0,96.98,0
100414,Northeast,Value,4002.38,20,23,6,65.14,1,2,73.78,0
100415,Northeast,Value,5680.04,75,19,6,149.63,5,0,60.47,0
100416,Midwest,Value,3759.67,53,21,5,73.87,1,0,94.59,0
100417,West,Affluent,7557.73,15,34,5,303.89,0,0,100.0,0
100418,Northeast,Value,6652.99,75,16,5,207.35,3,1,58.11,0
100419,Midwest,At Risk,8070.9,24,15,1,58.75,3,2,59.11,0
100420,Midwest,Core,8168.46,3,19,6,19.73,1,1,74.74,0
100421,West,Value,8526.3,20,16,3,143.3,1,1,62.85,0
100422,Northeast,Value,5494.61,65,21,4,71.64,1,0,63.71,0
100423,West,Value,16883.16,138,17,3,55.12,3,0,39.0,0
100424,Midwest,Core,7223.19,35,23,5,63.33,2,1,67.3,0
100425,West,Affluent,2811.4,42,25,10,124.34,0,0,100.0,0
100426,South,Value,4140.15,35,16,3,162.59,1,1,60.83,0
100427,West,Affluent,2970.04,52,23,7,165.74,1,1,71.24,0
100428,Midwest,Value,6550.9,104,16,6,161.49,1,1,75.49,0
100429,Northeast,Affluent,6153.31,47,27,7,195.89,0,0,88.76,0
100430,West,At Risk,5264.63,95,8,1,72.82,6,2,17.47,0
100431,West,Affluent,16066.22,130,19,9,125.87,0,0,100.0,0
100432,South,Core,8321.52,137,18,5,112.56,0,0,73.44,0
100433,Midwest,Affluent,9011.9,82,32,8,230.59,0,0,97.69,0
100434,South,Value,4275.15,103,14,3,139.92,0,0,76.15,0
100435,Midwest,Value,4146.18,133,16,4,74.58,1,0,72.18,0
100436,West,Value,6608.55,114,19,7,92.78,3,1,69.02,0
100437,West,Core,7026.27,44,14,5,113.83,1,0,78.55,0
100438,Northeast,Affluent,2819.22,20,28,8,126.27,2,1,88.27,0
100439,West,Core,5993.43,17,17,6,48.19,0,0,74.44,0
100440,South,Affluent,6541.29,128,28,7,102.24,3,0,73.59,0
100441,Midwest,Value,5900.19,81,18,3,75.35,1,0,62.74,0
100442,West,Affluent,4507.65,43,32,8,213.05,3,0,96.57,0
100443,South,Value,5098.83,50,19,5,159.52,1,1,80.92,0
100444,South,Value,6002.74,41,17,6,43.15,2,0,69.59,0
100445,South,Core,6771.09,116,21,8,63.05,1,0,96.9,0
100446,West,At Risk,8533.15,89,20,3,71.07,3,2,48.29,0
100447,South,Core,10571.77,127,17,6,126.47,1,1,65.15,0
100448,South,Value,5693.62,44,22,3,65.27,0,1,59.95,0
100449,South,Core,5293.78,69,23,2,68.57,0,0,66.55,0
100450,Northeast,Value,7914.9,18,25,8,41.96,0,0,86.85,0
100451,South,Affluent,8556.42,140,26,5,194.83,0,1,99.28,0
100452,Northeast,Core,5346.34,74,14,7,78.41,2,0,73.31,0
100453,Northeast,Value,9276.45,80,14,5,61.29,3,0,56.04,0
100454,Midwest,Value,10100.81,60,19,4,74.66,1,1,79.58,0
100455,Northeast,Value,11623.87,40,16,0,149.33,3,1,25.78,0
100456,Midwest,At Risk,14469.55,137,10,1,51.43,7,2,8.9,1
100457,West,Core,4401.37,71,29,5,55.8,1,0,100.0,0
100458,Midwest,Affluent,6540.78,98,27,8,286.16,3,0,83.25,0
100459,South,Core,6533.07,6,19,5,88.28,1,0,92.37,0
100460,Northeast,Core,6219.37,40,22,6,118.81,0,1,88.68,0
100461,West,Value,4853.18,116,22,8,103.91,1,0,98.85,0
100462,West,At Risk,3331.09,13,19,3,83.51,6,2,44.48,0
100463,Midwest,Core,6776.82,15,20,6,71.41,2,0,73.01,0
100464,Northeast,Core,4599.93,117,19,4,128.82,3,1,51.89,0
100465,Northeast,Core,6756.46,45,18,6,151.99,1,1,71.68,0
100466,South,Core,4547.07,40,16,4,146.17,1,0,57.3,0
100467,Northeast,At Risk,3962.82,82,7,1,46.99,6,3,7.87,1
100468,West,Value,7222.75,29,10,3,163.22,1,1,50.96,0
100469,Northeast,Core,6956.78,7,9,5,71.07,0,0,79.31,0
100470,South,Core,8435.75,1,13,5,58.27,2,1,62.35,0
100471,West,Core,17382.1,12,23,5,78.1,2,2,85.5,0
100472,West,Value,7363.85,23,14,5,128.79,2,0,44.52,0
100473,Northeast,Value,8085.63,101,15,2,111.37,3,1,33.26,0
100474,South,Value,4002.42,43,19,8,74.81,0,1,83.96,0
100475,Midwest,Core,3642.59,11,11,10,129.22,1,0,95.14,0
100476,Midwest,Core,13251.03,3,26,12,91.16,0,0,100.0,0
100477,West,Core,4289.78,69,14,7,63.83,1,1,60.06,0
100478,West,Core,4063.43,121,16,7,59.66,0,1,77.24,0
100479,West,Core,6386.64,49,21,7,104.35,0,0,78.62,0
100480,Northeast,Core,6241.47,10,16,7,81.56,2,0,61.05,0
100481,Northeast,Value,4330.46,33,16,5,42.73,0,0,90.19,0
100482,Midwest,Core,5666.46,72,19,6,129.83,0,0,78.99,0
100483,Northeast,Core,11302.47,28,18,6,66.85,1,0,76.99,0
100484,South,Value,4522.68,141,13,5,188.43,2,0,59.86,0
100485,Northeast,Core,3471.72,110,25,4,42.15,2,0,68.99,0
100486,West,Core,9934.06,50,15,6,77.66,2,1,57.27,0
100487,Northeast,Value,8111.93,138,27,2,59.9,2,1,59.91,0
100488,Northeast,Core,4916.36,47,17,3,52.19,1,0,65.1,0
100489,Northeast,Core,3189.38,21,15,8,66.64,1,1,88.35,0
100490,Northeast,Core,4649.32,136,16,11,206.01,2,1,92.78,0
100491,Midwest,Core,6341.94,139,17,6,91.32,0,0,69.65,0
100492,South,Core,10983.07,46,17,3,57.21,1,1,67.31,0
100493,West,Core,4076.91,86,12,10,34.07,0,0,93.2,0
100494,South,Affluent,6257.42,25,28,9,64.7,1,0,94.6,0
100495,Midwest,Core,8807.62,93,16,6,65.0,1,0,74.66,0
100496,Midwest,Core,2226.06,100,15,6,61.92,3,0,66.58,0
100497,Midwest,Core,10350.2,103,24,8,75.99,3,1,78.18,0
100498,West,Core,3817.9,82,17,5,27.29,0,1,76.24,0
100499,Northeast,Core,7547.38,102,18,9,81.19,2,0,75.7,0
100500,Midwest,Affluent,7263.12,80,34,7,255.78,2,0,100.0,0
100501,West,Affluent,10589.53,119,22,10,344.42,0,1,82.97,0
100502,West,At Risk,8328.79,26,13,5,32.96,4,2,49.22,0
100503,Midwest,Core,2230.04,70,18,8,56.94,3,0,76.53,0
100504,Midwest,Core,4566.06,60,20,8,55.45,0,1,93.14,0
100505,West,Affluent,6917.09,77,27,7,164.56,0,0,89.73,0
100506,Midwest,Core,5953.99,21,20,10,46.19,3,1,90.35,0
100507,West,Affluent,8058.5,47,20,9,354.81,2,1,81.14,0
100508,Northeast,Core,9272.17,138,21,10,86.87,2,0,80.71,0
100509,South,Value,8547.21,16,19,2,79.92,2,0,47.04,0
100510,Northeast,Value,5902.51,92,16,2,188.48,0,0,63.2,0
100511,Northeast,Affluent,2831.91,96,26,12,151.78,2,1,88.43,0
100512,South,Value,5295.38,69,13,5,103.83,1,0,80.0,0
100513,Northeast,Value,7839.44,5,14,7,58.4,2,0,78.19,0
100514,South,Core,3979.28,5,22,3,42.84,1,0,83.01,0
100515,South,Value,8635.45,40,13,7,62.64,3,0,77.37,0
100516,Midwest,Core,9782.34,15,24,6,253.7,1,0,79.98,0
100517,West,Affluent,6881.88,14,24,7,209.97,1,0,79.85,0
100518,West,Value,2200.0,24,21,4,97.51,1,0,49.78,0
100519,South,Affluent,3657.07,28,20,8,93.9,0,0,87.75,0
100520,South,Affluent,15189.24,121,27,4,241.31,0,0,97.53,0
100521,West,Core,5082.79,92,17,14,43.11,0,0,100.0,0
100522,Northeast,Value,2661.63,5,19,5,38.83,2,0,66.12,0
100523,Midwest,Core,11332.37,91,23,9,64.28,1,0,89.16,0
100524,South,Value,6539.18,20,17,5,225.86,1,0,73.4,0
100525,Northeast,Core,10686.97,61,19,12,219.55,1,1,100.0,0
100526,Midwest,At Risk,7362.75,6,9,0,67.83,5,2,2.49,1
100527,South,At Risk,7989.7,13,13,2,60.68,5,2,16.82,0
100528,Northeast,Affluent,7653.45,20,27,6,67.37,0,1,100.0,0
100529,Midwest,Core,8896.62,63,17,5,88.38,3,1,63.26,0
100530,Northeast,Core,18113.29,67,21,11,92.17,1,0,97.12,0
100531,Midwest,Core,10061.89,51,18,6,126.14,1,0,89.26,0
100532,Northeast,Core,3192.01,90,22,5,134.02,2,1,57.48,0
100533,South,Core,7947.04,104,13,5,77.01,1,2,67.05,0
100534,West,Value,10864.15,105,23,2,112.24,2,0,60.05,0
100535,Northeast,Value,11167.61,84,20,4,59.88,0,0,79.85,0
100536,West,Core,5364.64,79,18,7,111.18,2,1,52.5,0
100537,Midwest,Value,10979.47,71,15,6,65.96,1,0,69.91,0
100538,West,Value,9867.89,35,23,5,106.95,2,1,75.49,0
100539,Northeast,Affluent,20685.54,71,19,6,184.88,0,2,75.29,1
100540,Midwest,At Risk,4638.08,2,17,2,87.98,4,2,47.44,0
100541,West,Core,5173.1,140,30,9,126.46,2,0,100.0,0
100542,West,Affluent,5663.54,54,27,12,69.77,3,1,89.73,0
100543,Northeast,At Risk,5213.24,109,13,4,49.91,4,3,44.19,0
100544,West,Value,4354.86,138,20,5,74.26,1,0,66.06,0
100545,Northeast,Core,2200.0,72,22,12,41.31,1,1,100.0,0
100546,Midwest,Core,5345.14,125,13,8,69.35,3,1,69.85,0
100547,South,Value,7675.35,70,15,6,70.48,1,0,65.32,0
100548,Midwest,Affluent,5206.21,20,25,7,294.5,4,0,79.3,0
100549,Midwest,Core,15529.22,4,20,7,91.28,1,0,77.96,0
100550,Northeast,Core,6539.24,20,11,8,142.22,0,1,72.55,0
100551,Midwest,Value,11620.44,136,32,8,98.84,1,0,100.0,0
100552,West,Value,7311.45,69,24,3,65.03,3,0,54.11,0
100553,South,At Risk,9428.01,46,14,1,90.88,5,3,14.71,1
100554,South,Value,7370.32,65,23,5,122.41,0,2,84.93,0
100555,West,Value,12034.23,37,18,6,154.37,1,0,76.47,0
100556,Northeast,Value,6665.7,126,18,5,79.56,1,0,59.97,0
100557,South,Core,8125.9,144,16,6,37.3,0,0,85.05,0
100558,Midwest,Core,7664.9,13,22,3,36.01,2,1,57.15,0
100559,South,Core,5709.17,104,14,3,72.2,3,0,37.58,0
100560,West,Value,7799.38,49,17,5,26.41,1,1,47.34,0
100561,South,Value,17765.81,7,22,0,208.56,2,1,55.63,0
100562,West,Affluent,5755.31,133,27,7,206.21,0,1,85.52,0
100563,Northeast,Core,7850.38,9,10,4,61.86,1,2,42.05,0
100564,Midwest,Core,11447.86,30,21,7,48.8,4,0,73.32,0
100565,Midwest,Core,10858.15,4,26,7,142.13,3,1,82.65,0
100566,Northeast,Affluent,6534.36,68,32,11,87.67,1,0,100.0,0
100567,Northeast,Value,2223.93,87,18,5,51.09,1,0,78.9,0
100568,Midwest,Core,8201.51,47,25,5,57.96,0,1,98.44,0
100569,Midwest,Core,2394.18,11,22,8,89.99,1,0,99.17,0
100570,Midwest,Core,12594.67,17,19,5,115.94,2,1,74.33,0
100571,Northeast,Affluent,7015.1,135,23,10,277.76,0,0,100.0,0
100572,Midwest,Core,10192.53,117,23,5,143.33,1,1,71.05,0
100573,West,Affluent,4331.23,135,26,7,153.06,0,0,93.75,0
100574,Northeast,Affluent,3232.23,77,37,11,254.86,0,0,100.0,0
100575,South,Core,7309.26,79,13,6,60.77,1,1,56.54,0
100576,South,At Risk,6402.45,114,6,0,34.2,2,2,20.04,0
100577,West,Core,5210.15,89,17,3,60.77,2,0,45.98,0
100578,South,Affluent,6752.41,63,28,7,102.24,2,0,88.48,0
100579,South,Core,22581.89,43,15,6,61.97,1,0,72.66,0
100580,Midwest,Core,9462.52,70,7,3,52.61,0,0,50.18,0
100581,Northeast,Core,10423.64,10,26,5,67.5,3,1,74.76,0
100582,West,Value,9502.68,28,14,5,115.89,1,3,49.44,0
100583,West,Core,12648.77,107,27,5,200.39,1,0,76.88,0
100584,Midwest,At Risk,5967.15,125,9,3,35.87,3,3,40.04,0
100585,Midwest,Core,2578.38,15,18,9,44.65,1,0,95.03,0
100586,Midwest,Value,5971.14,14,19,6,57.22,0,0,75.43,0
100587,West,Core,9365.97,13,20,4,124.65,2,0,66.86,0
100588,West,Value,4201.29,114,20,4,76.72,1,0,63.77,0
100589,South,Value,6004.07,45,13,6,59.18,0,1,70.02,0
100590,South,At Risk,4761.23,48,15,1,121.63,3,2,37.15,0
100591,Midwest,Core,12777.88,2,24,9,137.12,1,0,99.28,1
100592,Northeast,Core,9107.13,141,15,4,84.21,2,1,58.54,0
100593,West,Core,8714.56,63,16,4,56.52,0,0,72.39,0
100594,West,Value,8597.94,115,17,7,97.3,2,2,58.77,0
100595,Midwest,Value,6391.95,102,22,3,75.64,2,1,63.51,0
100596,South,Core,7104.32,21,17,5,75.35,1,1,71.81,0
100597,South,Core,3813.2,116,18,7,65.79,1,1,82.11,0
100598,South,At Risk,2430.03,80,9,3,134.98,6,3,13.04,0
100599,Midwest,Core,6954.15,88,13,7,96.31,2,0,75.92,0
100600,West,Core,7520.24,29,16,8,142.67,5,1,47.66,0
100601,Midwest,Affluent,11200.64,122,24,6,298.45,1,0,79.35,0
100602,West,At Risk,13182.67,135,11,4,106.93,4,3,33.0,0
100603,West,Affluent,13174.74,59,28,7,118.77,0,0,86.5,0
100604,Midwest,At Risk,4148.27,14,11,0,143.0,5,2,14.87,0
100605,South,Affluent,5547.14,123,30,7,193.11,2,0,90.77,0
100606,Midwest,Affluent,8068.38,128,28,10,562.35,1,1,85.99,0
100607,South,Value,20310.93,73,17,4,99.26,2,1,55.24,0
100608,Midwest,Affluent,12652.4,84,17,10,216.87,0,1,78.41,0
100609,West,Core,10756.72,33,17,8,98.28,1,1,95.73,0
100610,South,Core,5459.17,10,21,8,80.89,0,0,93.9,0
100611,Midwest,Core,4368.25,136,13,5,74.68,1,0,66.61,0
100612,Northeast,At Risk,9270.25,70,15,1,98.47,4,3,29.86,0
100613,Midwest,At Risk,3961.03,40,4,5,110.3,4,2,38.64,0
100614,South,Value,5838.69,100,20,2,151.39,1,1,66.83,0
100615,South,Affluent,6172.8,4,28,14,178.55,0,1,100.0,0
100616,Midwest,Affluent,13311.29,12,27,5,121.39,1,0,92.88,0
100617,Northeast,Core,5541.07,35,20,3,72.18,2,1,67.97,0
100618,Midwest,Value,2200.0,65,8,2,43.87,0,0,52.07,0
100619,Midwest,Value,8156.39,53,25,3,195.05,0,1,73.05,0
100620,South,Affluent,4745.72,27,31,9,116.73,0,0,83.38,0
100621,Northeast,Core,6625.9,51,18,6,137.88,1,1,62.65,0
100622,South,At Risk,6251.27,49,14,3,97.6,8,4,15.95,1
100623,Northeast,Core,5746.76,76,18,4,98.94,1,0,77.2,0
100624,South,At Risk,9276.23,82,11,1,80.15,4,2,32.03,0
100625,Midwest,Core,3260.93,128,16,8,57.33,1,1,77.59,0
100626,Northeast,Affluent,5150.77,117,24,10,94.27,1,0,100.0,0
100627,Midwest,Value,8842.94,43,15,9,201.72,1,0,92.04,0
100628,Northeast,Core,4930.62,130,20,5,89.98,2,0,65.85,0
100629,West,Affluent,3151.38,75,20,7,268.56,1,0,99.46,0
100630,Midwest,At Risk,8781.54,28,8,1,169.88,5,3,5.83,1
100631,South,Affluent,10774.63,49,26,11,124.59,3,2,77.43,0
100632,Midwest,Value,6369.71,107,17,2,105.05,2,1,47.03,0
100633,Northeast,Core,2689.68,119,25,8,86.93,2,0,80.93,0
100634,Northeast,Value,8930.64,54,20,7,47.66,3,0,69.08,0
100635,West,Value,3079.76,23,20,5,77.47,3,1,67.38,0
100636,West,Core,7469.01,28,24,4,114.02,0,0,79.53,0
100637,Northeast,Core,4359.88,15,13,7,66.23,2,1,65.53,0
100638,South,Affluent,3856.94,101,29,5,130.06,0,1,87.27,0
100639,Northeast,Affluent,5327.82,73,28,6,140.3,1,1,66.1,0
100640,South,Affluent,5985.37,65,28,6,439.75,1,0,75.48,0
100641,South,Affluent,4864.23,97,27,8,61.16,3,1,78.32,0
100642,South,Value,8471.59,120,23,8,109.23,3,1,69.86,0
100643,Midwest,Value,5317.86,115,15,5,74.89,2,0,61.15,0
100644,Northeast,Core,10103.56,20,23,9,61.7,1,0,100.0,0
100645,West,Affluent,7376.73,85,24,4,133.15,1,1,71.2,0
100646,Midwest,Value,4748.85,128,18,1,118.67,1,1,42.02,0
100647,West,Core,4402.31,112,16,6,122.11,3,0,56.86,0
100648,Northeast,Core,3096.98,48,12,6,93.29,0,0,87.08,0
100649,Midwest,Value,7408.53,57,19,2,146.79,2,1,65.06,0
100650,West,Core,5541.35,129,16,7,160.3,0,1,83.97,0
100651,Northeast,Affluent,2235.16,5,25,9,230.13,0,0,88.5,0
100652,West,Core,5107.6,76,7,6,64.69,0,0,69.85,0
100653,South,Value,4333.33,17,16,8,108.84,3,0,74.27,0
100654,West,Affluent,13208.45,129,29,8,196.38,3,1,84.0,0
100655,South,Core,3020.89,6,9,8,56.53,2,1,60.24,0
100656,West,Affluent,3398.02,4,26,7,69.81,1,1,83.3,0
100657,Northeast,Value,10711.18,48,21,2,30.92,1,0,58.08,0
100658,South,Core,11969.31,29,16,5,88.02,0,1,62.04,0
100659,South,Core,4648.57,72,16,6,98.66,0,0,89.13,0
100660,Northeast,Value,4890.84,44,18,3,47.08,1,1,67.66,0
100661,South,Affluent,8577.21,52,26,8,258.13,1,1,87.92,0
100662,South,Value,2280.98,82,15,10,91.72,2,0,85.82,0
100663,Northeast,Value,2813.04,81,16,3,166.9,2,1,56.32,0
100664,Midwest,Core,5728.61,135,20,4,102.3,2,1,80.74,0
100665,Midwest,Core,13056.07,70,20,5,49.87,1,0,80.98,0
100666,West,Affluent,5342.66,82,29,4,192.4,2,0,82.48,0
100667,Midwest,At Risk,6802.05,98,11,1,118.83,5,2,21.5,0
100668,Northeast,Value,10826.61,26,23,5,64.64,0,0,79.12,0
100669,Northeast,Core,16775.18,97,19,4,41.33,0,0,84.86,0
100670,South,Value,5013.93,125,17,5,89.37,0,0,80.62,0
100671,South,Core,6450.94,46,23,9,51.53,2,0,81.96,0
100672,Northeast,At Risk,14757.14,26,8,0,148.87,4,2,22.23,0
100673,West,Core,3276.62,50,13,4,69.34,1,0,68.3,0
100674,Midwest,Core,10321.34,40,14,4,201.33,1,0,46.03,0
100675,Midwest,Core,4110.56,85,11,5,29.39,3,0,45.82,0
100676,Northeast,At Risk,6806.75,125,14,5,90.93,3,2,53.7,0
100677,West,Core,5827.71,86,17,6,173.7,4,0,44.0,0
100678,Northeast,Value,4223.64,19,11,2,54.46,2,0,32.07,0
100679,South,Core,4176.22,46,21,3,78.5,0,0,70.04,0
100680,South,Value,7360.95,100,13,7,69.49,0,1,79.53,0
100681,West,Value,10173.59,48,14,4,60.39,1,0,67.1,0
100682,South,Value,6131.39,85,15,2,96.06,0,1,70.66,1
100683,Northeast,Core,6708.35,100,14,10,44.48,0,0,92.46,0
100684,South,Core,8405.03,48,20,6,80.41,1,1,72.02,0
100685,South,Core,4197.86,94,23,5,110.02,0,2,66.14,0
100686,Northeast,Core,9067.2,58,21,4,76.33,1,1,65.12,0
100687,Northeast,At Risk,9398.09,20,13,2,51.55,6,3,25.26,1
100688,Northeast,Affluent,20977.16,54,27,7,256.09,1,0,96.42,0
100689,South,Core,5487.95,64,17,7,122.46,1,0,80.52,0
100690,South,Value,5289.19,1,15,3,50.5,0,0,69.38,0
100691,South,Affluent,9187.44,129,22,8,80.11,1,0,98.61,0
100692,Midwest,Value,9397.08,77,19,3,52.81,0,1,67.4,0
100693,Northeast,Core,5109.05,6,15,3,111.64,1,1,67.94,0
100694,West,At Risk,5421.53,125,18,0,97.56,3,2,29.79,0
100695,West,Core,8292.16,124,17,8,126.18,0,0,86.81,0
100696,Northeast,Affluent,4478.95,2,36,9,129.98,0,0,100.0,0
100697,South,Core,5403.58,24,27,5,53.53,0,0,93.74,0
100698,Northeast,Core,6767.41,53,19,5,134.57,3,0,54.68,0
100699,South,Value,10175.42,74,19,5,64.45,2,0,65.23,0
100700,South,Value,4951.71,105,11,6,93.31,0,1,54.32,0
100701,Northeast,Core,2836.95,62,21,7,39.16,2,1,79.96,0
100702,Northeast,Value,2743.77,89,20,10,63.93,1,0,100.0,0
100703,South,Affluent,3687.93,2,20,8,253.44,1,2,87.29,1
100704,Midwest,Value,3599.79,95,19,3,59.41,2,1,63.3,0
100705,South,Core,6063.14,132,19,6,127.73,0,1,85.52,0
100706,West,Affluent,3806.87,76,27,7,47.7,2,0,91.0,0
100707,South,Affluent,4737.75,66,21,9,115.67,1,1,93.12,0
100708,West,Core,4588.09,43,19,10,78.02,3,1,85.23,0
100709,Northeast,Core,5331.19,138,28,7,203.15,1,0,86.35,0
100710,Midwest,At Risk,11786.2,5,8,0,47.38,6,3,4.0,0
100711,West,Core,8755.47,42,16,6,118.88,2,0,68.76,0
100712,Northeast,Affluent,6547.35,20,27,8,259.54,3,1,78.71,0
100713,West,At Risk,5282.19,125,12,10,59.26,9,3,22.87,0
100714,South,Affluent,5348.67,70,25,7,126.94,3,1,65.12,0
100715,South,Value,7532.96,133,20,4,91.24,2,1,63.84,0
100716,Midwest,Core,8454.33,96,24,4,40.52,2,0,77.05,0
100717,Midwest,Value,4320.51,81,22,6,67.7,0,0,85.47,0
100718,Northeast,Core,6607.59,75,15,7,160.89,2,0,93.12,0
100719,West,At Risk,2605.37,30,14,1,110.39,5,2,17.44,0
100720,Midwest,Core,7149.72,81,18,8,78.59,3,0,77.16,0
100721,West,Core,9159.3,99,26,8,89.94,2,1,95.53,0
100722,South,Value,5730.32,140,13,4,113.65,1,0,70.13,0
100723,Midwest,At Risk,14720.47,80,13,3,125.07,7,2,26.84,0
100724,South,Value,4372.11,136,21,3,64.36,0,1,77.76,0
100725,West,Value,7168.17,137,14,3,183.1,2,0,54.24,0
100726,West,Value,6396.05,76,12,5,164.16,0,2,76.7,0
100727,West,Value,6213.15,64,15,4,119.26,1,2,68.27,0
100728,Midwest,Core,6174.06,21,13,5,55.77,1,1,55.78,0
100729,West,Core,6820.95,39,24,6,51.04,1,1,82.37,0
100730,South,Core,9519.89,127,16,7,72.19,1,2,58.82,0
100731,South,Value,12082.81,20,14,4,87.62,2,0,69.97,0
100732,West,Value,6493.42,58,22,5,35.11,0,1,80.19,0
100733,Northeast,Core,9381.08,101,14,5,108.85,2,0,72.59,0
100734,Midwest,Value,4739.86,35,18,3,161.8,0,1,64.73,0
100735,Northeast,Core,9175.0,141,17,6,113.4,0,0,64.55,0
100736,Midwest,Value,4613.13,94,15,3,60.62,2,0,76.1,0
100737,South,Core,10618.51,5,21,4,57.14,2,0,67.25,0
100738,South,Core,17576.99,36,21,8,98.75,1,1,76.2,0
100739,South,Core,6152.54,107,16,5,78.73,2,0,73.37,0
100740,South,Value,2423.37,125,18,4,106.08,2,1,75.89,0
100741,South,Value,5079.28,134,29,2,114.84,1,1,68.18,0
100742,South,Affluent,11315.19,123,24,6,264.11,2,0,77.01,0
100743,Midwest,Value,8336.86,11,15,6,48.26,0,0,78.9,0
100744,West,Core,7270.41,106,28,7,94.96,3,2,66.71,0
100745,Midwest,Core,10233.87,16,26,4,70.87,6,0,46.67,1
100746,Midwest,Core,8083.35,12,12,7,80.91,1,0,86.66,0
100747,West,Core,11243.37,100,21,5,130.96,2,0,69.14,0
100748,West,Affluent,9831.02,69,29,8,248.89,0,0,95.1,0
100749,Northeast,Affluent,12891.49,94,21,10,307.86,5,2,65.58,0
100750,Midwest,Value,7638.95,123,18,6,105.16,1,0,84.18,0
100751,Northeast,Core,9768.56,10,16,6,80.45,1,0,57.39,0
100752,Northeast,Value,5660.97,76,20,2,74.9,3,0,54.04,0
100753,West,Core,4958.71,121,19,4,35.7,1,0,88.5,0
100754,Northeast,Core,14011.07,64,16,6,166.09,1,1,86.45,0
100755,West,Value,7164.18,76,19,2,72.36,2,0,60.39,0
100756,West,Core,9337.13,72,13,5,109.46,0,0,81.13,0
100757,West,At Risk,6872.21,131,10,6,119.36,4,2,55.45,0
100758,Midwest,Value,4992.17,8,18,5,45.6,0,3,66.59,0
100759,West,Core,6532.2,127,17,7,53.57,2,0,80.8,0
100760,Northeast,Core,12403.76,118,9,5,184.23,2,1,67.11,0
100761,West,Value,8344.98,118,11,2,98.28,1,0,41.09,0
100762,Northeast,Value,3009.09,60,25,3,63.58,1,0,76.61,0
100763,South,Value,5899.94,75,20,7,79.8,1,1,81.89,0
100764,Northeast,At Risk,14495.44,54,13,2,146.32,4,2,33.43,0
100765,South,Value,5903.78,37,23,4,135.61,1,3,64.72,0
100766,Midwest,Value,2890.95,127,21,3,40.84,2,0,64.05,0
100767,South,Value,15236.2,73,33,3,192.44,0,1,86.12,0
100768,West,Value,8836.39,105,16,1,137.79,0,0,67.15,0
100769,Midwest,Core,6298.4,15,13,4,78.76,1,1,62.41,0
100770,Midwest,Value,5499.54,114,16,4,46.84,2,0,58.78,0
100771,West,Core,10578.89,95,14,8,143.98,2,1,64.08,0
100772,South,Core,5093.22,144,5,5,107.86,1,1,49.22,0
100773,South,Affluent,10897.33,20,29,7,73.81,1,0,94.89,0
100774,West,Value,8296.14,78,19,6,75.69,2,0,66.15,0
100775,Midwest,Affluent,7256.58,74,31,10,730.35,6,0,89.77,0
100776,Midwest,Core,6939.88,78,17,7,85.7,2,0,76.84,0
100777,South,Value,6007.85,8,22,6,58.65,1,2,83.55,0
100778,Northeast,Affluent,10405.56,69,26,7,92.41,1,0,84.09,0
100779,Northeast,Affluent,4403.49,44,26,7,371.11,1,1,79.55,0
100780,Northeast,Value,3132.83,89,23,6,129.87,0,0,95.69,0
100781,Northeast,At Risk,8570.28,34,5,2,171.81,6,2,14.04,0
100782,Midwest,Core,8635.31,63,25,4,96.23,2,0,69.38,0
100783,Northeast,Core,8068.04,90,24,7,159.12,1,0,92.39,0
100784,Midwest,At Risk,7809.02,10,13,1,55.62,5,2,28.89,0
100785,West,Core,5626.9,114,8,5,92.2,2,1,41.55,0
100786,West,Affluent,9264.31,104,21,7,176.61,1,0,94.28,0
100787,South,Core,6368.1,9,19,9,169.67,0,0,90.52,0
100788,Northeast,Affluent,5220.54,10,18,10,179.44,1,0,100.0,0
100789,West,Core,5648.84,123,17,7,62.17,0,1,69.73,0
100790,Northeast,Value,16136.6,41,26,3,87.77,1,1,72.74,0
100791,Midwest,Core,2977.44,124,25,9,36.76,2,0,89.52,0
100792,Midwest,Core,8139.32,72,22,4,26.63,1,0,56.6,0
100793,Northeast,Value,3053.24,50,19,2,128.81,1,0,66.07,0
100794,Midwest,Value,6191.0,40,19,3,70.48,1,0,49.41,0
100795,Northeast,Core,5347.72,95,16,7,74.59,1,0,74.87,0
100796,Northeast,Value,2543.5,16,16,2,128.78,0,0,71.03,0
100797,West,Value,7743.62,58,20,2,170.91,3,0,47.76,0
100798,West,Affluent,5478.25,50,28,8,199.87,0,0,93.37,0
100799,South,Core,2527.32,23,16,5,222.89,1,0,75.6,0
100800,West,Affluent,9484.02,51,24,7,196.72,3,0,74.8,0
100801,West,Core,12398.25,77,14,10,98.87,2,1,75.56,0
100802,West,Affluent,12709.61,98,19,7,172.54,1,0,91.0,0
100803,Northeast,Core,7639.5,13,22,5,44.7,2,0,62.06,0
100804,South,Value,6636.13,126,17,3,137.09,2,0,53.72,0
100805,Midwest,Value,11816.21,127,18,4,25.03,1,1,71.53,0
100806,West,Core,13858.17,100,14,7,63.4,1,2,58.94,0
100807,West,Value,10825.54,134,19,4,85.98,2,1,75.0,0
100808,South,Core,4255.07,62,16,7,57.27,0,1,77.47,0
100809,Northeast,At Risk,7116.44,119,25,4,67.81,6,3,49.0,0
100810,West,Value,7921.53,105,18,6,213.22,0,0,87.58,0
100811,South,Value,2879.09,82,21,2,147.62,2,1,53.98,0
100812,South,At Risk,8028.63,26,15,6,60.32,5,2,42.17,0
100813,West,Core,18077.15,81,17,7,67.21,1,0,78.06,0
100814,Midwest,Value,8669.17,130,16,3,44.89,0,0,71.9,0
100815,South,Affluent,12614.39,142,26,5,217.66,0,0,78.31,0
100816,Northeast,Affluent,7057.66,65,31,6,135.04,2,0,76.57,0
100817,South,Core,6289.33,36,19,6,31.8,2,0,83.67,0
100818,West,Core,7716.6,108,23,5,89.39,2,1,63.72,0
100819,South,Value,4502.71,11,16,1,105.86,3,1,43.03,0
100820,Midwest,Value,4212.7,22,28,5,137.58,1,1,78.98,0
100821,South,Core,11491.86,81,19,6,81.94,2,1,67.54,0
100822,West,Value,12053.51,143,20,4,70.55,1,0,81.44,0
100823,West,Core,4161.2,48,21,7,229.47,0,2,81.52,0
100824,Midwest,Affluent,10048.28,64,27,7,153.5,3,1,74.55,0
100825,West,Value,6250.55,47,21,6,121.81,1,0,77.04,0
100826,Midwest,Core,7573.96,64,20,7,64.9,3,1,64.97,0
100827,South,Value,7995.67,2,13,2,120.01,1,0,48.24,0
100828,Midwest,Affluent,10168.15,86,35,5,73.89,1,0,88.0,0
100829,West,Value,6746.51,86,20,5,67.47,2,0,82.31,0
100830,West,Core,12260.41,46,21,6,46.46,1,0,84.89,0
100831,Northeast,Core,7471.07,39,17,11,62.81,0,0,96.64,0
100832,Midwest,Core,8607.94,110,12,8,158.84,2,1,76.25,0
100833,Northeast,Core,4467.52,28,16,5,62.58,0,2,55.5,0
100834,Midwest,Affluent,17170.6,7,33,4,219.11,1,0,96.61,0
100835,Midwest,Core,8030.31,6,12,6,181.51,1,0,78.76,0
100836,South,Affluent,8958.93,127,25,7,150.9,0,1,100.0,0
100837,West,At Risk,3152.26,53,17,1,139.71,4,2,41.49,0
100838,West,Core,4488.8,15,19,7,110.85,0,0,89.3,0
100839,Northeast,Core,11345.83,127,17,8,90.1,2,0,87.73,0
100840,Northeast,Value,7395.73,22,12,4,123.69,0,1,57.39,0
100841,Northeast,Affluent,2747.25,49,23,9,383.91,5,0,70.44,0
100842,West,Core,10371.2,3,20,6,61.81,1,0,77.49,0
100843,Midwest,Core,5089.09,98,18,10,52.62,3,0,92.55,0
100844,Midwest,Value,12266.78,101,11,5,51.1,2,0,51.35,0
100845,West,Affluent,6248.09,109,27,8,251.55,2,3,72.7,0
100846,West,Core,7127.21,38,20,4,149.51,3,0,61.89,0
100847,Northeast,Core,11048.91,48,15,6,64.98,2,0,72.74,0
100848,Northeast,Value,4340.24,136,15,5,29.21,0,1,64.38,0
100849,South,At Risk,4157.95,119,7,0,60.66,7,3,4.76,1
100850,South,Value,5949.92,6,14,5,111.79,2,0,72.75,0
100851,Midwest,Value,9431.26,100,18,0,82.21,0,1,63.2,0
100852,Northeast,Affluent,3571.22,118,37,7,167.44,1,1,100.0,0
100853,South,At Risk,3068.49,81,10,2,65.43,4,2,28.28,0
100854,Northeast,Value,9416.62,93,23,3,141.13,2,3,69.48,0
100855,Northeast,Core,4955.32,1,17,6,100.91,0,0,79.52,0
100856,Northeast,Affluent,5448.28,5,24,10,205.14,1,1,100.0,0
100857,Northeast,Affluent,2818.59,6,20,5,165.67,2,0,84.67,0
100858,Midwest,Core,4788.71,23,16,3,110.48,3,0,57.88,0
100859,South,Core,6477.9,143,20,10,106.9,1,0,86.02,0
100860,South,Affluent,9879.6,92,25,4,96.2,0,1,68.09,0
100861,South,Affluent,4593.99,113,30,7,184.37,1,0,91.62,0
100862,Midwest,Affluent,13703.09,43,33,6,227.28,0,0,100.0,0
100863,West,Core,4776.71,136,15,8,151.44,1,0,83.56,0
100864,Midwest,Value,4779.86,29,20,5,104.66,1,0,91.66,0
100865,Midwest,At Risk,12982.64,130,23,1,52.46,4,2,44.08,0
100866,Midwest,Affluent,7148.91,5,26,9,101.98,2,0,89.58,0
100867,Midwest,Affluent,5070.25,3,23,6,123.08,1,0,72.53,0
100868,Northeast,Value,6061.71,12,19,5,93.45,1,1,79.24,0
100869,West,Value,11949.45,115,16,7,79.96,1,0,77.15,0
100870,Northeast,Affluent,12573.53,38,31,8,87.23,2,0,82.15,0
100871,South,Value,4500.76,65,16,3,48.32,1,1,58.38,0
100872,Midwest,At Risk,6377.06,68,8,7,29.77,4,2,38.63,0
100873,South,Core,6769.13,114,24,8,17.87,2,1,79.39,0
100874,Northeast,Core,4170.33,51,12,6,79.58,2,0,63.45,0
100875,West,Affluent,6339.15,1,31,7,488.12,1,1,84.96,0
100876,Northeast,Core,6515.59,56,21,4,208.73,0,0,72.3,0
100877,Northeast,Core,10857.94,42,24,6,52.12,1,1,73.85,0
100878,West,Core,11191.38,106,19,6,91.62,5,3,42.06,0
100879,Midwest,Core,5604.99,109,8,6,40.87,3,1,42.54,0
100880,Northeast,Core,5903.37,14,13,6,44.11,2,0,60.74,0
100881,West,Core,8764.71,115,19,8,46.71,2,1,69.64,0
100882,West,At Risk,4995.15,11,5,2,75.94,3,3,29.69,0
100883,Northeast,Core,8471.35,90,23,4,77.59,0,0,80.21,0
100884,South,Value,6247.89,57,11,6,96.45,0,0,81.76,0
100885,South,Core,4202.05,44,17,5,118.42,0,0,90.49,0
100886,Northeast,Core,4225.87,70,26,6,71.82,3,0,80.62,0
100887,Northeast,Value,12465.67,45,16,6,86.55,3,0,66.8,0
100888,Northeast,Value,6058.2,115,19,5,49.19,0,2,77.72,0
100889,Northeast,Core,13598.53,140,17,5,43.4,2,0,69.13,0
100890,South,Core,5158.6,118,26,8,40.17,1,0,93.6,0
100891,South,At Risk,7410.1,64,14,2,117.6,4,3,30.57,0
100892,Northeast,Value,19077.44,73,19,2,71.79,2,0,47.63,0
100893,South,Value,4038.92,65,19,4,33.35,2,1,67.51,0
100894,Northeast,Affluent,2767.06,115,24,6,148.25,4,1,64.55,0
100895,West,Affluent,11597.25,80,23,10,81.94,0,0,100.0,0
100896,Northeast,Value,4480.52,68,20,2,194.97,0,0,74.32,0
100897,West,Value,6439.72,59,18,4,63.64,2,1,54.59,0
100898,Midwest,Value,4993.51,55,9,5,119.51,0,1,72.77,0
100899,West,Core,7333.67,80,19,3,146.52,1,1,41.31,0
100900,Midwest,Core,4237.87,100,8,14,52.73,0,0,100.0,0
100901,South,Value,5994.42,63,19,4,88.29,4,1,40.09,0
100902,Midwest,Value,7958.33,117,23,4,112.1,2,1,69.56,0
100903,South,Core,4129.12,120,19,7,90.06,3,1,71.22,0
100904,Northeast,At Risk,4743.45,62,9,6,101.82,8,3,29.79,0
100905,South,Core,5559.34,131,14,9,43.72,4,0,65.17,0
100906,South,Core,3417.25,25,19,7,112.13,0,0,68.64,0
100907,Northeast,Value,5374.42,135,18,1,66.66,0,0,57.98,0
100908,Northeast,Value,6856.94,43,21,5,101.23,3,0,63.45,0
100909,West,Value,5430.36,82,20,2,134.65,2,1,37.61,0
100910,Midwest,Affluent,5752.78,41,18,9,213.76,0,0,92.96,0
100911,South,Affluent,6442.05,64,25,3,182.14,1,0,63.39,0
100912,West,At Risk,4839.05,49,12,2,117.18,4,4,30.59,0
100913,Northeast,At Risk,8870.94,102,9,0,119.92,4,3,14.83,0
100914,South,At Risk,12403.67,12,16,0,179.54,3,3,45.89,0
100915,West,At Risk,5274.22,121,5,4,83.57,8,2,8.95,0
100916,Midwest,Value,8086.06,131,13,8,92.26,1,0,81.04,0
100917,South,Value,5835.58,82,13,7,135.46,2,1,63.9,0
100918,South,Core,7661.99,79,17,7,66.52,1,0,65.41,0
100919,Northeast,Core,13149.75,101,26,3,43.6,1,0,71.56,0
100920,Northeast,Value,8171.88,29,18,5,108.77,0,1,79.63,0
100921,Northeast,Affluent,2926.38,108,30,7,138.02,3,0,88.82,0
100922,West,Core,7973.31,32,23,6,46.47,4,2,58.25,0
100923,Midwest,Core,11320.22,98,14,4,109.17,4,0,36.15,0
100924,South,Value,5883.1,45,20,2,173.85,2,0,62.16,0
100925,West,Value,10174.02,108,23,7,37.63,0,0,93.96,0
100926,Northeast,Value,4764.77,114,20,3,141.71,3,0,62.75,0
100927,Northeast,Affluent,3331.12,31,28,6,43.03,2,0,80.41,0
100928,South,Core,6926.32,89,17,6,69.58,3,0,50.93,0
100929,West,Affluent,2948.77,72,27,12,384.02,3,1,100.0,0
100930,Midwest,Value,5835.18,43,12,1,72.13,2,0,43.33,0
100931,West,Core,11598.56,85,20,7,88.91,3,1,80.13,0
100932,Northeast,Core,2752.22,143,16,8,124.47,1,1,78.43,0
100933,West,Affluent,3654.75,1,27,6,64.86,1,0,86.04,0
100934,Northeast,Affluent,4085.27,138,29,9,158.62,3,0,94.14,0
100935,Northeast,Value,6317.4,124,33,3,87.77,1,0,76.82,0
100936,Midwest,At Risk,5513.67,77,8,4,215.68,6,3,16.44,0
100937,Northeast,Value,12199.73,88,22,7,45.82,3,0,73.62,0
100938,West,Affluent,9986.75,54,25,7,126.43,1,0,80.64,0
100939,West,Value,8122.8,19,23,4,53.44,1,0,71.77,0
100940,Midwest,Value,6940.24,83,14,4,50.68,2,0,73.32,0
100941,South,Affluent,7758.24,118,25,6,268.85,0,0,97.34,0
100942,Northeast,Value,4410.16,34,19,5,86.14,1,0,75.26,0
100943,Midwest,Core,9559.61,104,21,5,64.38,1,0,87.61,0
100944,Midwest,Core,3940.79,108,13,7,65.61,3,1,54.0,0
100945,West,Value,9466.15,110,27,8,64.14,0,1,100.0,0
100946,Midwest,Core,11084.71,49,15,5,67.07,3,0,54.32,0
100947,Northeast,Affluent,7146.99,57,23,8,81.31,1,1,100.0,0
100948,Northeast,Affluent,6004.48,60,26,8,134.43,2,0,100.0,0
100949,West,Core,7783.0,124,16,5,71.03,1,2,49.17,0
100950,Northeast,Core,2200.0,130,15,7,58.19,1,0,87.74,0
100951,West,Value,7447.05,60,20,4,91.85,3,2,51.73,0
100952,Northeast,Value,6176.75,140,12,10,95.83,2,0,74.86,0
100953,Midwest,Value,6353.59,83,13,7,64.35,0,1,79.8,0
100954,West,At Risk,8932.91,56,8,3,79.09,4,3,19.54,0
100955,South,Affluent,6284.94,1,27,6,450.23,0,1,92.42,0
100956,Northeast,Affluent,3891.17,88,22,8,441.71,0,0,85.87,0
100957,West,Core,6099.28,93,11,5,50.18,0,1,66.62,0
100958,Northeast,Core,6700.63,140,11,2,53.81,2,0,56.88,0
100959,Midwest,Core,6845.03,104,21,4,50.05,1,0,74.29,0
100960,West,Core,6991.3,5,20,5,144.2,1,1,68.12,0
100961,Midwest,Core,10376.24,82,15,8,69.64,3,1,71.33,0
100962,Northeast,Value,3987.19,107,25,5,95.82,1,1,65.75,0
100963,West,Value,7034.79,72,19,1,230.7,1,0,50.09,0
100964,Northeast,At Risk,11614.69,62,7,2,84.56,9,2,0.0,0
100965,Midwest,Core,2977.93,117,14,8,121.0,1,0,85.09,0
100966,Midwest,At Risk,7047.29,89,14,1,110.26,7,3,15.05,0
100967,South,Value,4994.72,99,14,3,63.34,1,1,60.08,0
100968,South,Core,5501.29,67,20,8,144.35,0,2,84.78,0
100969,Northeast,Value,4325.98,41,13,3,55.58,3,0,41.3,0
100970,West,Value,6022.51,75,10,7,166.1,1,0,81.9,0
100971,Northeast,Value,14885.2,139,17,4,63.37,0,0,65.82,0
100972,South,Value,3679.62,87,22,6,66.93,1,1,80.75,0
100973,Midwest,At Risk,3840.02,102,10,4,49.32,5,2,31.1,0
100974,Midwest,Core,3618.04,18,20,5,53.54,1,1,75.5,0
100975,Midwest,Core,14141.88,143,18,3,68.67,3,0,48.76,0
100976,Midwest,Core,5279.07,36,19,8,25.2,1,1,90.22,0
100977,Midwest,Core,6425.44,140,11,7,75.64,1,0,82.23,0
100978,West,Core,5422.46,65,15,6,65.93,1,0,79.93,0
100979,South,Value,4249.54,133,18,4,126.17,3,0,58.86,0
100980,West,At Risk,5847.33,129,10,4,105.02,4,2,33.52,0
100981,West,Affluent,19648.71,109,22,6,107.41,1,0,100.0,0
100982,West,Affluent,12161.0,132,36,9,121.65,1,1,98.27,0
100983,West,Core,4428.14,88,18,10,75.59,0,0,100.0,0
100984,West,Value,8699.02,123,15,9,178.69,2,0,81.66,0
100985,Northeast,At Risk,4471.02,25,15,0,56.35,4,2,26.5,0
100986,West,Core,2922.49,11,12,5,59.31,1,0,65.88,0
100987,Midwest,Value,10283.93,79,12,5,48.34,1,0,60.32,0
100988,South,Core,10955.53,117,20,7,40.51,1,0,85.42,0
100989,Midwest,Affluent,10407.49,111,28,5,178.38,1,0,86.13,0
100990,South,Core,5261.22,77,13,6,94.08,1,1,88.02,0
100991,Midwest,Affluent,6030.04,76,28,9,290.56,0,1,100.0,0
100992,West,Affluent,9108.4,88,27,6,257.53,2,1,82.53,0
100993,Northeast,Value,7752.19,126,22,1,281.8,0,2,64.0,0
100994,South,At Risk,5444.82,122,14,3,81.92,5,2,47.52,0
100995,West,Core,3136.85,16,20,7,74.62,0,3,70.24,0
100996,South,Core,6841.77,86,21,8,44.37,0,0,90.74,0
100997,West,Value,10562.99,55,19,6,120.41,1,0,61.54,0
100998,Northeast,At Risk,3791.98,116,14,1,90.19,6,3,21.27,0
100999,Midwest,Value,8664.58,73,10,3,117.72,1,0,60.79,0
101000,West,Value,7545.84,143,23,5,48.09,2,0,64.64,0
101001,West,Core,9109.97,63,18,7,101.34,0,0,96.08,0
101002,Northeast,Value,9623.34,98,20,1,94.18,3,1,39.25,0
101003,West,Value,4755.46,16,18,2,91.12,2,1,48.86,0
101004,South,Core,3139.84,135,16,3,60.4,2,0,57.16,0
101005,South,Core,5112.65,23,18,7,154.06,2,0,87.35,0
101006,South,At Risk,9697.9,55,8,3,236.94,3,2,28.73,1
101007,Midwest,Core,5093.17,121,17,6,48.79,2,0,71.73,0
101008,Midwest,Affluent,4756.36,140,35,5,219.35,0,1,100.0,0
101009,South,Core,2863.93,70,20,4,20.16,4,0,59.55,0
101010,Northeast,Core,14303.35,70,14,4,118.74,4,1,49.64,0
101011,West,Core,9425.07,8,17,5,33.37,0,0,81.49,0
101012,Northeast,Core,9191.28,141,10,11,65.38,1,0,81.56,0
101013,Northeast,At Risk,10047.05,3,15,0,44.09,3,2,45.5,0
101014,Midwest,Core,8425.99,4,21,5,76.31,3,0,64.31,0
101015,South,Value,5823.22,69,21,1,129.29,3,0,47.25,0
101016,Midwest,Core,6038.21,1,20,3,33.58,1,0,76.78,0
101017,West,Affluent,5362.33,24,38,8,127.83,0,0,100.0,0
101018,Northeast,Value,21272.93,91,16,5,65.76,0,1,73.76,0
101019,South,Core,8347.5,102,22,8,187.39,5,0,62.62,0
101020,Midwest,Affluent,5275.6,43,23,7,189.87,3,0,95.75,0
101021,West,Affluent,8014.69,115,21,6,84.93,0,1,99.67,0
101022,Midwest,At Risk,4124.36,88,12,2,67.16,6,3,17.52,0
101023,South,Core,12792.13,33,18,8,185.06,1,0,87.76,0
101024,Midwest,Core,4827.46,103,17,9,121.49,0,0,91.44,0
101025,West,Core,8144.07,86,22,8,53.71,0,1,87.61,0
101026,South,At Risk,10501.23,117,14,3,74.37,8,2,18.76,0
101027,West,Core,7728.76,23,22,5,75.57,0,0,81.08,0
101028,West,Affluent,6782.28,34,25,7,116.91,1,1,72.83,0
101029,South,Core,6531.67,44,21,7,36.15,0,1,87.3,0
101030,Northeast,Core,6336.99,50,23,6,60.57,3,0,71.26,0
101031,West,Core,5014.27,128,24,4,170.25,1,0,77.3,0
101032,Northeast,Core,5309.7,106,18,5,70.25,1,1,67.98,0
101033,South,At Risk,12649.5,79,6,2,80.72,6,2,11.32,0
101034,Northeast,Core,6190.16,78,21,6,91.19,1,1,83.2,0
101035,Midwest,Core,4563.97,128,17,12,257.68,0,0,100.0,0
101036,South,Core,5152.43,65,15,6,85.38,0,0,88.17,0
101037,Midwest,Core,10665.02,33,23,7,146.88,0,1,91.56,0
101038,West,Core,8809.45,20,13,7,63.03,4,2,51.02,0
101039,West,Value,8364.11,48,13,4,74.66,0,0,71.53,0
101040,West,Value,5788.76,95,16,5,85.54,1,2,47.36,0
101041,Northeast,Core,8413.31,68,17,10,57.72,2,0,100.0,0
101042,South,Core,4865.65,61,14,5,76.77,1,1,66.0,0
101043,Northeast,Core,5783.31,70,15,6,132.51,1,1,86.48,0
101044,West,Value,10056.45,141,12,6,56.97,0,1,63.45,0
101045,Midwest,Core,9633.31,144,25,7,85.0,0,2,78.06,0
101046,South,Value,4178.46,24,19,3,121.15,3,0,57.73,0
101047,Midwest,Affluent,4422.99,17,25,7,101.31,0,0,95.9,0
101048,Midwest,Affluent,6825.86,36,30,13,264.58,1,0,100.0,0
101049,South,Value,14133.7,123,18,3,88.15,0,1,67.09,0
101050,South,Core,2745.05,67,16,4,78.26,1,2,54.18,0
101051,Northeast,Value,7367.31,125,22,4,31.14,0,1,62.52,0
101052,South,Value,3499.37,94,15,7,70.52,2,0,73.27,0
101053,South,Value,4885.9,80,26,4,102.36,2,0,61.94,0
101054,West,Value,5516.86,41,13,2,203.43,0,0,47.58,0
101055,West,Core,5379.38,50,19,5,112.91,3,1,56.75,0
101056,West,At Risk,5112.02,22,7,3,149.27,3,2,37.85,0
101057,Northeast,Value,6521.11,75,20,4,46.44,2,1,77.9,0
101058,West,Core,5108.66,41,16,6,79.78,1,1,78.03,0
101059,South,Core,3365.9,43,20,8,156.5,5,1,74.47,0
101060,South,At Risk,9232.63,6,16,0,54.53,4,3,30.43,0
101061,West,Core,9121.14,116,24,4,137.73,0,0,82.73,0
101062,West,Value,9499.42,136,24,6,122.65,1,0,100.0,0
101063,Northeast,Core,3249.4,72,17,5,97.52,3,1,46.82,0
101064,South,Core,7435.87,78,18,4,72.12,0,1,66.29,0
101065,Midwest,At Risk,8810.93,134,9,3,51.91,5,3,21.12,0
101066,Midwest,Core,4086.8,74,18,6,206.51,0,0,87.75,0
101067,South,Core,6526.89,90,20,9,116.58,2,0,77.17,0
101068,Midwest,Value,6168.66,62,11,3,100.78,0,0,66.31,0
101069,West,Core,14891.19,75,21,4,69.15,1,0,75.84,0
101070,Northeast,Affluent,15453.34,76,26,10,155.92,0,1,100.0,0
101071,Midwest,Core,3073.58,103,12,6,92.3,1,2,68.76,0
101072,Midwest,Core,19966.77,88,20,8,103.81,1,0,98.31,0
101073,West,At Risk,4305.75,73,16,4,122.71,5,3,35.81,0
101074,South,Affluent,10105.76,11,26,9,103.46,1,0,100.0,0
101075,Northeast,Core,10059.59,131,14,5,40.83,1,2,54.91,0
101076,Midwest,Core,4152.63,128,20,9,88.66,0,0,87.28,0
101077,Midwest,Core,8115.47,27,16,2,35.48,1,1,68.32,0
101078,South,Core,6192.95,43,25,8,72.3,0,0,90.5,0
101079,West,Core,8341.56,141,12,7,65.89,0,1,79.53,0
101080,West,Value,7210.98,47,8,1,108.69,3,0,37.85,0
101081,Northeast,At Risk,11135.69,117,13,1,229.05,7,3,20.0,0
101082,West,At Risk,6724.33,114,9,4,32.15,5,3,14.53,0
101083,Northeast,Affluent,6027.06,124,25,5,477.01,1,1,84.13,0
101084,South,At Risk,10644.37,3,13,1,75.65,5,4,17.14,0
101085,Northeast,Affluent,8439.98,70,29,7,182.06,1,1,85.0,0
101086,South,Affluent,9035.11,82,17,6,75.42,0,0,77.39,0
101087,West,Affluent,4819.83,121,30,7,251.86,3,2,86.29,0
101088,South,Core,4061.02,33,16,7,86.78,3,1,70.05,0
101089,Midwest,Core,5034.57,45,13,4,82.43,1,0,60.58,0
101090,Northeast,Value,4915.69,26,25,0,32.26,3,0,40.89,0
101091,Midwest,Core,9258.96,110,17,7,88.19,1,0,69.85,0
101092,South,Value,10084.45,144,18,5,129.74,3,0,67.62,0
101093,Midwest,Value,6061.72,21,18,4,75.53,1,0,57.38,0
101094,West,Core,12375.46,34,14,5,152.89,3,0,55.85,0
101095,Midwest,Core,12032.53,45,18,4,149.77,2,0,84.05,0
101096,Northeast,Value,7252.39,129,14,4,61.69,3,0,56.48,0
101097,South,Affluent,4490.44,65,28,9,339.68,0,1,100.0,0
101098,Northeast,Affluent,13206.67,41,27,8,156.5,1,1,82.91,0
101099,South,Value,6323.95,47,17,1,87.14,2,0,39.58,0
101100,Northeast,Value,6879.71,87,7,2,89.31,2,2,41.77,0
101101,Midwest,Core,5578.83,56,21,5,88.0,2,1,64.94,0
101102,South,Affluent,4355.31,21,21,10,41.07,0,0,100.0,0
101103,Northeast,Affluent,3356.55,119,19,8,139.45,2,1,77.95,0
101104,Northeast,Value,8641.64,61,19,5,42.98,0,1,100.0,0
101105,West,Affluent,4568.9,37,26,10,345.02,1,1,94.42,0
101106,West,Value,25000.0,105,18,2,187.86,2,0,57.71,0
101107,West,Core,3987.12,108,26,6,130.14,1,0,78.85,0
101108,Northeast,At Risk,3691.31,23,11,2,75.45,7,2,24.26,0
101109,South,Value,8177.32,11,22,6,51.35,1,1,81.72,0
101110,West,Value,12935.73,7,25,4,61.18,0,0,74.11,0
101111,Midwest,Core,6691.7,111,22,5,224.52,1,0,74.66,0
101112,Northeast,Core,8409.07,91,15,7,60.13,1,0,87.77,0
101113,Northeast,At Risk,2835.46,115,10,1,26.18,3,2,40.81,0
101114,South,At Risk,4791.88,91,17,3,142.27,6,2,20.88,0
101115,West,Value,4009.53,58,16,5,179.99,3,0,56.27,1
101116,Northeast,Value,2770.51,85,12,7,194.86,1,0,87.77,0
101117,West,Affluent,6851.33,105,24,6,257.14,2,0,77.26,0
101118,Midwest,Value,2369.15,58,23,5,155.0,2,1,71.87,0
101119,West,Affluent,3585.2,132,30,8,157.1,0,0,100.0,0
101120,West,Core,5104.21,130,25,5,30.1,1,0,70.14,0
101121,South,Value,4471.5,116,18,4,86.19,0,1,62.88,0
101122,West,Affluent,7769.35,143,32,6,208.77,3,0,80.61,0
101123,Northeast,Value,7458.19,57,23,4,79.44,1,2,78.04,0
101124,South,Core,9718.31,17,22,6,77.65,1,0,89.36,0
101125,Northeast,Core,9119.13,70,25,6,52.49,3,0,80.56,0
101126,Northeast,Core,10860.89,108,14,10,51.51,1,0,86.49,0
101127,Northeast,Core,6494.39,113,18,6,213.09,1,0,85.44,0
101128,Northeast,Core,7451.1,56,21,5,216.98,0,1,76.78,0
101129,Northeast,At Risk,8182.38,43,16,6,84.89,6,2,47.62,0
101130,South,At Risk,6927.84,65,17,1,97.85,6,2,31.5,0
101131,Northeast,Core,5436.12,116,15,2,52.05,0,0,75.37,0
101132,Northeast,Value,5596.84,9,15,3,117.21,1,0,60.35,1
101133,West,Affluent,4499.21,48,25,6,368.8,1,0,81.9,0
101134,Northeast,At Risk,7857.98,34,18,5,39.57,3,2,66.76,0
101135,Northeast,Core,6230.74,117,18,7,107.19,1,0,91.37,0
101136,Northeast,Core,4822.89,68,7,6,111.29,2,0,53.85,0
101137,Northeast,Core,4824.91,13,18,5,110.66,1,1,60.56,0
101138,Midwest,Value,3770.18,38,20,4,193.26,1,0,80.55,0
101139,West,Core,10097.43,7,14,5,235.25,2,1,46.47,0
101140,Midwest,Core,6734.07,69,15,5,75.63,3,0,45.26,0
101141,Midwest,Affluent,4408.53,144,23,8,214.22,3,0,78.25,0
101142,Northeast,Affluent,9352.55,82,22,7,159.58,3,0,75.22,0
101143,West,Affluent,5051.07,126,27,7,111.54,1,0,81.92,0
101144,Northeast,Core,3451.73,107,14,8,97.33,2,1,72.57,0
101145,Midwest,Core,10291.85,128,19,9,118.91,1,0,90.93,0
101146,South,Affluent,5104.43,45,26,8,170.53,2,0,84.36,0
101147,West,Affluent,5407.56,137,26,7,98.48,1,0,100.0,0
101148,South,Core,6621.57,35,12,5,67.42,2,0,62.84,0
101149,Midwest,Affluent,10869.57,64,24,7,121.81,2,0,90.83,0
101150,South,Value,6558.87,99,17,6,55.78,2,0,57.75,0
101151,Midwest,Affluent,3789.37,42,41,5,178.97,0,2,86.48,0
101152,West,Value,8302.42,39,19,3,104.76,2,3,54.48,0
101153,Midwest,Value,5225.53,19,18,0,138.71,1,0,66.44,0
101154,South,Core,15201.1,1,16,5,55.36,2,0,56.12,0
101155,South,Value,6496.73,73,12,7,63.68,1,1,70.55,0
101156,Midwest,Value,2377.47,143,23,3,184.92,2,0,54.72,0
101157,South,Value,7634.03,32,12,2,78.29,2,2,35.65,0
101158,Northeast,Core,15593.77,64,19,7,86.29,1,0,82.34,0
101159,South,Affluent,13209.9,135,30,12,140.17,4,0,95.06,0
101160,Northeast,Value,14816.35,112,16,3,149.78,1,0,50.76,0
101161,Northeast,Core,4107.89,1,16,6,152.71,3,0,52.58,0
101162,South,Affluent,9798.91,73,21,5,266.94,3,0,50.11,0
101163,West,Value,4696.91,21,17,6,86.14,1,0,78.21,0
101164,West,Value,7190.3,36,13,3,54.95,2,0,57.38,0
101165,South,Affluent,3665.53,36,26,7,400.63,1,0,93.94,0
101166,South,Affluent,4863.69,89,29,6,234.77,2,0,76.53,1
101167,Northeast,Core,4794.6,29,13,5,67.65,2,0,68.65,0
101168,West,Affluent,9739.13,37,24,5,311.8,0,1,86.45,0
101169,Northeast,Value,9319.66,33,18,3,65.03,3,1,50.66,0
101170,West,Core,7362.29,52,12,5,172.09,2,0,58.15,0
101171,West,Affluent,3539.95,95,30,6,320.4,0,2,83.81,0
101172,Midwest,Value,5649.49,58,21,4,53.62,2,1,64.74,0
101173,South,Affluent,4646.2,48,23,8,204.65,3,1,89.54,0
101174,West,Core,9613.38,75,20,6,125.68,1,3,78.1,0
101175,Midwest,Affluent,11045.08,89,29,6,565.6,1,1,83.75,0
101176,Midwest,Core,10456.0,3,20,7,58.64,0,0,91.31,0
101177,West,Core,4627.21,129,18,6,173.98,1,1,63.79,0
101178,West,Value,2200.0,132,18,5,85.74,0,0,82.44,0
101179,Northeast,Value,2934.89,87,20,7,45.69,1,1,72.35,0
101180,West,Affluent,12323.82,83,26,4,144.09,0,2,81.72,0
101181,West,Value,5426.19,101,21,2,85.1,3,0,76.95,0
101182,Northeast,Value,4636.58,64,17,7,50.06,2,1,65.84,0
101183,South,Value,13612.65,53,13,4,99.36,0,1,86.98,0
101184,West,Value,11485.95,51,16,3,137.22,0,0,70.13,0
101185,Northeast,Affluent,6571.91,24,26,9,172.35,1,0,91.2,0
101186,South,Core,5696.04,122,10,7,64.83,2,1,55.64,0
101187,Midwest,At Risk,6124.86,47,19,0,78.92,5,4,39.72,0
101188,Midwest,Value,7199.6,41,29,7,84.81,0,0,100.0,0
101189,West,Core,13354.1,139,12,8,94.76,3,0,61.87,0
101190,Northeast,Core,7860.99,73,25,6,148.05,0,1,84.37,0
101191,South,Core,9011.62,90,22,7,97.38,1,2,81.85,0
101192,West,Affluent,11000.86,36,29,6,75.88,2,0,83.73,0
101193,Midwest,At Risk,3839.91,40,7,1,64.17,8,4,0.0,1
101194,Northeast,Affluent,9129.31,105,29,6,166.24,0,0,100.0,0
101195,South,Value,5693.05,65,14,2,149.11,0,0,50.78,0
101196,South,Value,2200.0,22,28,6,162.65,1,0,92.76,0
101197,Midwest,Core,2494.59,121,22,5,206.44,0,1,77.82,0
101198,South,Value,4110.93,58,23,5,90.74,1,1,70.61,0
101199,Midwest,Affluent,8255.28,97,26,4,224.1,0,1,87.78,0
